-- Seed data for Sprint 2 (Listings browsing)
BEGIN;
-- Users (hosts/admin/demo users)
INSERT INTO users (id,email,password_hash,full_name,phone,avatar_url,role,status,provider,provider_id,created_at,updated_at)
VALUES
('75f488fa-4ec2-5e39-a5df-236039325682','admin@example.com',NULL,'Admin',NULL,'https://i.pravatar.cc/150?u=75f488fa-4ec2-5e39-a5df-236039325682','admin','active','local',NULL,'2025-11-30 10:00:00','2026-01-28 10:00:00'),
('3054cb96-bbdd-5257-93fc-c2512a17959f','host1@example.com',NULL,'Host Nguyễn',NULL,'https://i.pravatar.cc/150?u=3054cb96-bbdd-5257-93fc-c2512a17959f','host','active','local',NULL,'2025-11-30 10:00:00','2026-01-28 10:00:00'),
('67300688-0ec9-58ef-b496-68877bf8c51d','host2@example.com',NULL,'Host Kim',NULL,'https://i.pravatar.cc/150?u=67300688-0ec9-58ef-b496-68877bf8c51d','host','active','local',NULL,'2025-11-30 10:00:00','2026-01-28 10:00:00'),
('9d9bfdb7-9492-5dbc-98ea-8404b94ea13d','user1@example.com',NULL,'User 1',NULL,'https://i.pravatar.cc/150?u=9d9bfdb7-9492-5dbc-98ea-8404b94ea13d','guest','active','local',NULL,'2025-11-30 10:00:00','2026-01-28 10:00:00'),
('6255dc88-8cd8-5c2c-b42b-c7b6c217f113','user2@example.com',NULL,'User 2',NULL,'https://i.pravatar.cc/150?u=6255dc88-8cd8-5c2c-b42b-c7b6c217f113','guest','active','local',NULL,'2025-11-30 10:00:00','2026-01-28 10:00:00'),
('97021a5b-0e61-5040-9dae-8e3eebda6285','user3@example.com',NULL,'User 3',NULL,'https://i.pravatar.cc/150?u=97021a5b-0e61-5040-9dae-8e3eebda6285','guest','active','local',NULL,'2025-11-30 10:00:00','2026-01-28 10:00:00'),
('ba552b22-8b68-55b2-b20e-815f9d2c7d88','user4@example.com',NULL,'User 4',NULL,'https://i.pravatar.cc/150?u=ba552b22-8b68-55b2-b20e-815f9d2c7d88','guest','active','local',NULL,'2025-11-30 10:00:00','2026-01-28 10:00:00')
ON CONFLICT (id) DO NOTHING;

-- Amenities
INSERT INTO amenities (id,name,slug,"group",is_active,created_at,updated_at)
VALUES
('4d0c13b1-7888-5b78-a830-5084257cf3d4','Wifi','wifi','Essentials',TRUE,'2025-10-31 10:00:00'),
('0abf391c-4e96-59a7-be71-5c5008359a8f','Bếp','kitchen','Essentials',TRUE,'2025-10-31 10:00:00'),
('32eb84e1-8bb2-52b9-ab92-41813dcdd782','Điều hoà','aircon','Essentials',TRUE,'2025-10-31 10:00:00'),
('e5d5f4b6-cc1a-58ff-bd3a-a5cd57775231','Máy giặt','washer','Essentials',TRUE,'2025-10-31 10:00:00'),
('504bc3ba-2fcd-53ea-b136-aff7e1a7d199','Chỗ làm việc','workspace','Essentials',TRUE,'2025-10-31 10:00:00'),
('b066ce17-b82b-5d2e-aacb-85b766c5e7ec','Hồ bơi','pool','Features',TRUE,'2025-10-31 10:00:00'),
('c8946de4-f00d-5d15-a411-fb8e8af47519','Phòng gym','gym','Features',TRUE,'2025-10-31 10:00:00'),
('c58fd325-826d-544a-88d6-3085d6672ad0','Chỗ đậu xe','parking','Features',TRUE,'2025-10-31 10:00:00'),
('61ef1d0d-4479-5f9c-baea-26e7df0a1555','TV','tv','Essentials',TRUE,'2025-10-31 10:00:00'),
('a9963428-0687-59d3-9481-458c5307219e','Cho phép thú cưng','pet','Policies',TRUE,'2025-10-31 10:00:00','2025-10-31 10:00:00')
ON CONFLICT (id) DO NOTHING;

-- Listings
INSERT INTO listings (id,host_id,title,description,address,city,country,lat,lng,property_type,room_type,price_per_night,max_guests,bedrooms,beds,bathrooms,status,deleted_at,created_at,updated_at)
VALUES
('a5d829d7-c835-507d-882e-3577c1ffc84b','3054cb96-bbdd-5257-93fc-c2512a17959f','Phòng tại Hồ Chí Minh - The Loft','Chỗ ở sạch sẽ, vị trí thuận tiện, đầy đủ tiện nghi. Phù hợp cho chuyến đi ngắn ngày.','Số 11 Hồ Chí Minh','Hồ Chí Minh','Việt Nam','10.771','106.701','Căn hộ','Toàn bộ',760000,2,1,1,1.0,'published',NULL,'2025-12-31 10:00:00','2026-01-20 10:00:00'),
('f0c4cba5-8ff0-5303-bffb-c627b9e93eb7','3054cb96-bbdd-5257-93fc-c2512a17959f','Căn hộ tại Hồ Chí Minh - Landmark View','Chỗ ở sạch sẽ, vị trí thuận tiện, đầy đủ tiện nghi. Phù hợp cho chuyến đi ngắn ngày.','Số 12 Hồ Chí Minh','Hồ Chí Minh','Việt Nam','10.772','106.702','Căn hộ','Toàn bộ',1149518,2,1,1,1.0,'published',NULL,'2026-01-01 10:00:00','2026-01-21 10:00:00'),
('3383c1dc-44ec-5ab9-a873-70f55d23d0c3','67300688-0ec9-58ef-b496-68877bf8c51d','Phòng tại Hồ Chí Minh - Balcony Studio','Chỗ ở sạch sẽ, vị trí thuận tiện, đầy đủ tiện nghi. Phù hợp cho chuyến đi ngắn ngày.','Số 13 Hồ Chí Minh','Hồ Chí Minh','Việt Nam','10.773','106.703','Căn hộ','Toàn bộ',1184400,2,1,1,1.0,'published',NULL,'2026-01-02 10:00:00','2026-01-22 10:00:00'),
('eb2037c5-6c4e-54b6-a6a5-ff63f4b354a3','67300688-0ec9-58ef-b496-68877bf8c51d','Phòng tại Hồ Chí Minh - Minimal Apartment','Chỗ ở sạch sẽ, vị trí thuận tiện, đầy đủ tiện nghi. Phù hợp cho chuyến đi ngắn ngày.','Số 14 Hồ Chí Minh','Hồ Chí Minh','Việt Nam','10.774','106.704','Căn hộ','Toàn bộ',993553,2,1,1,1.0,'published',NULL,'2026-01-03 10:00:00','2026-01-23 10:00:00'),
('5565200c-da27-5bd8-b0b0-ff1b1441ac0a','3054cb96-bbdd-5257-93fc-c2512a17959f','Nơi ở tại Phường 1 - Cozy Stay','Chỗ ở sạch sẽ, vị trí thuận tiện, đầy đủ tiện nghi. Phù hợp cho chuyến đi ngắn ngày.','Số 15 Hồ Chí Minh','Hồ Chí Minh','Việt Nam','10.775','106.705','Nhà','Toàn bộ',1594306,2,1,1,1.0,'published',NULL,'2026-01-04 10:00:00','2026-01-24 10:00:00'),
('e6b203be-bcd5-5d46-9365-7b61190bafaa','67300688-0ec9-58ef-b496-68877bf8c51d','Nhà khách tại Seoul - Garden House','Chỗ ở sạch sẽ, vị trí thuận tiện, đầy đủ tiện nghi. Phù hợp cho chuyến đi ngắn ngày.','Số 16 Seoul','Seoul','Hàn Quốc','37.566','126.986','Nhà khách','Toàn bộ',2025396,3,1,2,1.0,'published',NULL,'2026-01-05 10:00:00','2026-01-25 10:00:00'),
('217f2fa8-1287-55fd-967c-5bb8790fee9e','67300688-0ec9-58ef-b496-68877bf8c51d','Phòng tại Seoul - City Center','Chỗ ở sạch sẽ, vị trí thuận tiện, đầy đủ tiện nghi. Phù hợp cho chuyến đi ngắn ngày.','Số 17 Seoul','Seoul','Hàn Quốc','37.567','126.987','Phòng','Riêng tư',2495342,2,1,1,1.0,'published',NULL,'2026-01-06 10:00:00','2026-01-26 10:00:00'),
('14cb3425-73c6-5db4-ab89-009fa13120b1','3054cb96-bbdd-5257-93fc-c2512a17959f','Khách sạn tại Seoul - Rooftop','Chỗ ở sạch sẽ, vị trí thuận tiện, đầy đủ tiện nghi. Phù hợp cho chuyến đi ngắn ngày.','Số 18 Seoul','Seoul','Hàn Quốc','37.568','126.988','Khách sạn','Toàn bộ',2320267,2,1,1,1.0,'published',NULL,'2026-01-07 10:00:00','2026-01-27 10:00:00'),
('8a1ff712-3173-5ac5-970c-90e59a83cf34','3054cb96-bbdd-5257-93fc-c2512a17959f','Căn hộ tại Seoul - Bright Studio','Chỗ ở sạch sẽ, vị trí thuận tiện, đầy đủ tiện nghi. Phù hợp cho chuyến đi ngắn ngày.','Số 19 Seoul','Seoul','Hàn Quốc','37.569','126.989','Căn hộ','Toàn bộ',1476533,2,1,1,1.0,'published',NULL,'2026-01-08 10:00:00','2026-01-28 10:00:00'),
('e450aa9c-7dd9-555a-afb5-d3dcb3b66c95','67300688-0ec9-58ef-b496-68877bf8c51d','Phòng khách sạn chung tại Seoul','Chỗ ở sạch sẽ, vị trí thuận tiện, đầy đủ tiện nghi. Phù hợp cho chuyến đi ngắn ngày.','Số 20 Seoul','Seoul','Hàn Quốc','37.57','126.99','Khách sạn','Chung',2672418,2,1,1,1.0,'published',NULL,'2026-01-09 10:00:00','2026-01-29 10:00:00'),
('88eb26dd-0519-523e-b904-bc39688b887c','67300688-0ec9-58ef-b496-68877bf8c51d','Phòng tại Jongno-gu','Chỗ ở sạch sẽ, vị trí thuận tiện, đầy đủ tiện nghi. Phù hợp cho chuyến đi ngắn ngày.','Số 21 Seoul','Seoul','Hàn Quốc','37.571','126.991','Nhà','Toàn bộ',4387414,5,2,3,1.5,'published',NULL,'2026-01-10 10:00:00','2026-01-30 10:00:00'),
('13bc52ee-9923-5a18-a980-afe6527ed517','3054cb96-bbdd-5257-93fc-c2512a17959f','Phòng chung tại Seoul - Hanok','Chỗ ở sạch sẽ, vị trí thuận tiện, đầy đủ tiện nghi. Phù hợp cho chuyến đi ngắn ngày.','Số 22 Seoul','Seoul','Hàn Quốc','37.572','126.992','Hanok','Toàn bộ',1643218,3,1,2,1.0,'published',NULL,'2026-01-11 10:00:00','2026-01-31 10:00:00'),
('ab9c283f-a07e-5d8e-a316-1f6a035cf615','3054cb96-bbdd-5257-93fc-c2512a17959f','Chỗ ở tại Huyện Văn Giang - Ecopark','Chỗ ở sạch sẽ, vị trí thuận tiện, đầy đủ tiện nghi. Phù hợp cho chuyến đi ngắn ngày.','Số 23 Văn Giang','Văn Giang','Việt Nam','10.783','106.713','Căn hộ','Toàn bộ',680000,4,2,2,1.0,'published',NULL,'2026-01-12 10:00:00','2026-02-01 10:00:00'),
('69f43ff7-0a85-5b3d-bce6-e6552dbf4ac2','67300688-0ec9-58ef-b496-68877bf8c51d','Villa tại Văn Giang - Garden Villa','Chỗ ở sạch sẽ, vị trí thuận tiện, đầy đủ tiện nghi. Phù hợp cho chuyến đi ngắn ngày.','Số 24 Văn Giang','Văn Giang','Việt Nam','10.784','106.714','Villa','Toàn bộ',1450000,6,3,3,2.0,'published',NULL,'2026-01-13 10:00:00','2026-02-02 10:00:00')
ON CONFLICT (id) DO NOTHING;

-- Listing images
INSERT INTO listing_images (id,listing_id,url,sort_order,is_cover,created_at)
VALUES
('917a9f34-52f5-5f38-a2ac-6ec29ea74fec','a5d829d7-c835-507d-882e-3577c1ffc84b','https://picsum.photos/seed/1-1/1200/800',1,TRUE,'2025-12-31 10:00:00'),
('1ee66d05-3d1d-50c9-9c11-a9dec5b4cc63','a5d829d7-c835-507d-882e-3577c1ffc84b','https://picsum.photos/seed/1-2/1200/800',2,FALSE,'2025-12-31 10:00:00'),
('2807f1e3-3335-5f4e-83ac-e48475f3f6fe','a5d829d7-c835-507d-882e-3577c1ffc84b','https://picsum.photos/seed/1-3/1200/800',3,FALSE,'2025-12-31 10:00:00'),
('1584cb37-357f-5ae3-aeca-6937d0729a2d','a5d829d7-c835-507d-882e-3577c1ffc84b','https://picsum.photos/seed/1-4/1200/800',4,FALSE,'2025-12-31 10:00:00'),
('26dd28e3-a394-5449-99a6-19c117f073de','a5d829d7-c835-507d-882e-3577c1ffc84b','https://picsum.photos/seed/1-5/1200/800',5,FALSE,'2025-12-31 10:00:00'),
('2788931f-305d-5e0c-9cc1-dcb3d637ac49','f0c4cba5-8ff0-5303-bffb-c627b9e93eb7','https://picsum.photos/seed/2-1/1200/800',1,TRUE,'2026-01-01 10:00:00'),
('07323a19-9a08-55b5-9cff-a047a0cf5925','f0c4cba5-8ff0-5303-bffb-c627b9e93eb7','https://picsum.photos/seed/2-2/1200/800',2,FALSE,'2026-01-01 10:00:00'),
('d0c471f2-7b72-536e-8a91-807ab810c56f','f0c4cba5-8ff0-5303-bffb-c627b9e93eb7','https://picsum.photos/seed/2-3/1200/800',3,FALSE,'2026-01-01 10:00:00'),
('a5786f43-8e07-5c68-a167-d0668413045e','f0c4cba5-8ff0-5303-bffb-c627b9e93eb7','https://picsum.photos/seed/2-4/1200/800',4,FALSE,'2026-01-01 10:00:00'),
('cdb1cda5-67a6-55b2-b1a9-12debf49f1ea','f0c4cba5-8ff0-5303-bffb-c627b9e93eb7','https://picsum.photos/seed/2-5/1200/800',5,FALSE,'2026-01-01 10:00:00'),
('934ae648-1578-5301-b268-746e4e130ecd','3383c1dc-44ec-5ab9-a873-70f55d23d0c3','https://picsum.photos/seed/3-1/1200/800',1,TRUE,'2026-01-02 10:00:00'),
('170fd9df-8aa6-5886-bb11-702d7a867910','3383c1dc-44ec-5ab9-a873-70f55d23d0c3','https://picsum.photos/seed/3-2/1200/800',2,FALSE,'2026-01-02 10:00:00'),
('d09c8dda-99d8-543f-b4aa-6e83b13dca96','3383c1dc-44ec-5ab9-a873-70f55d23d0c3','https://picsum.photos/seed/3-3/1200/800',3,FALSE,'2026-01-02 10:00:00'),
('f3267406-b900-5f4e-8b6e-02824c3955b4','3383c1dc-44ec-5ab9-a873-70f55d23d0c3','https://picsum.photos/seed/3-4/1200/800',4,FALSE,'2026-01-02 10:00:00'),
('84bbe1d6-ebef-569c-bc54-522864adc607','3383c1dc-44ec-5ab9-a873-70f55d23d0c3','https://picsum.photos/seed/3-5/1200/800',5,FALSE,'2026-01-02 10:00:00'),
('9dcf778b-c69d-551a-bc84-81123d79b212','eb2037c5-6c4e-54b6-a6a5-ff63f4b354a3','https://picsum.photos/seed/4-1/1200/800',1,TRUE,'2026-01-03 10:00:00'),
('5abf2c44-fd7e-5105-b239-b7a4bf4f2fa3','eb2037c5-6c4e-54b6-a6a5-ff63f4b354a3','https://picsum.photos/seed/4-2/1200/800',2,FALSE,'2026-01-03 10:00:00'),
('cc5de285-dee2-529a-980d-c94cca9922fb','eb2037c5-6c4e-54b6-a6a5-ff63f4b354a3','https://picsum.photos/seed/4-3/1200/800',3,FALSE,'2026-01-03 10:00:00'),
('87e9e54d-c5c7-52f8-8805-56fa3a423437','eb2037c5-6c4e-54b6-a6a5-ff63f4b354a3','https://picsum.photos/seed/4-4/1200/800',4,FALSE,'2026-01-03 10:00:00'),
('841a0b70-ca26-524d-a5a1-241007ded3dc','eb2037c5-6c4e-54b6-a6a5-ff63f4b354a3','https://picsum.photos/seed/4-5/1200/800',5,FALSE,'2026-01-03 10:00:00'),
('9e3c3232-0cda-5b6e-bdb7-c68d61b32ed0','5565200c-da27-5bd8-b0b0-ff1b1441ac0a','https://picsum.photos/seed/5-1/1200/800',1,TRUE,'2026-01-04 10:00:00'),
('f14f4690-28a8-573e-9eb2-8647e3a36215','5565200c-da27-5bd8-b0b0-ff1b1441ac0a','https://picsum.photos/seed/5-2/1200/800',2,FALSE,'2026-01-04 10:00:00'),
('4834ebcb-1f15-5f0f-af4e-f4a71a285e2e','5565200c-da27-5bd8-b0b0-ff1b1441ac0a','https://picsum.photos/seed/5-3/1200/800',3,FALSE,'2026-01-04 10:00:00'),
('adba1523-b921-56bb-b135-31096779e056','5565200c-da27-5bd8-b0b0-ff1b1441ac0a','https://picsum.photos/seed/5-4/1200/800',4,FALSE,'2026-01-04 10:00:00'),
('2667ff17-a0db-583c-b40f-87f1233c9542','5565200c-da27-5bd8-b0b0-ff1b1441ac0a','https://picsum.photos/seed/5-5/1200/800',5,FALSE,'2026-01-04 10:00:00'),
('579b9d1e-74eb-5c71-9b90-898c5d7028a4','e6b203be-bcd5-5d46-9365-7b61190bafaa','https://picsum.photos/seed/6-1/1200/800',1,TRUE,'2026-01-05 10:00:00'),
('6387d19e-17ec-5f40-b242-0f68d4edc008','e6b203be-bcd5-5d46-9365-7b61190bafaa','https://picsum.photos/seed/6-2/1200/800',2,FALSE,'2026-01-05 10:00:00'),
('28a68559-2c19-5f58-8733-3344ceba2628','e6b203be-bcd5-5d46-9365-7b61190bafaa','https://picsum.photos/seed/6-3/1200/800',3,FALSE,'2026-01-05 10:00:00'),
('3e88508f-6172-5815-8750-550b1c9c7d8c','e6b203be-bcd5-5d46-9365-7b61190bafaa','https://picsum.photos/seed/6-4/1200/800',4,FALSE,'2026-01-05 10:00:00'),
('cb7b200b-0d48-5b4e-92bb-77c1d071fd75','e6b203be-bcd5-5d46-9365-7b61190bafaa','https://picsum.photos/seed/6-5/1200/800',5,FALSE,'2026-01-05 10:00:00'),
('06ab1e40-2bea-5d1c-bfe0-903488e8d886','217f2fa8-1287-55fd-967c-5bb8790fee9e','https://picsum.photos/seed/7-1/1200/800',1,TRUE,'2026-01-06 10:00:00'),
('3848c82e-6fe1-5edd-9561-b18273ab7f42','217f2fa8-1287-55fd-967c-5bb8790fee9e','https://picsum.photos/seed/7-2/1200/800',2,FALSE,'2026-01-06 10:00:00'),
('732d8623-0a0f-52c5-b914-ccebae629d15','217f2fa8-1287-55fd-967c-5bb8790fee9e','https://picsum.photos/seed/7-3/1200/800',3,FALSE,'2026-01-06 10:00:00'),
('697311f2-3b8d-53da-965e-49d955d5727e','217f2fa8-1287-55fd-967c-5bb8790fee9e','https://picsum.photos/seed/7-4/1200/800',4,FALSE,'2026-01-06 10:00:00'),
('d024ea45-ced4-548e-80af-2aceeffe7ce4','217f2fa8-1287-55fd-967c-5bb8790fee9e','https://picsum.photos/seed/7-5/1200/800',5,FALSE,'2026-01-06 10:00:00'),
('13598638-4eb6-502d-a59b-bd28a5182a75','14cb3425-73c6-5db4-ab89-009fa13120b1','https://picsum.photos/seed/8-1/1200/800',1,TRUE,'2026-01-07 10:00:00'),
('38d87573-cb51-51bc-a5ed-d4308aafc517','14cb3425-73c6-5db4-ab89-009fa13120b1','https://picsum.photos/seed/8-2/1200/800',2,FALSE,'2026-01-07 10:00:00'),
('4f1da430-3edd-5950-8909-123d886ff7f4','14cb3425-73c6-5db4-ab89-009fa13120b1','https://picsum.photos/seed/8-3/1200/800',3,FALSE,'2026-01-07 10:00:00'),
('3a0353dd-e97a-5135-806f-55e5abb69312','14cb3425-73c6-5db4-ab89-009fa13120b1','https://picsum.photos/seed/8-4/1200/800',4,FALSE,'2026-01-07 10:00:00'),
('0714ae31-87da-55f7-b2dd-8b622b695c67','14cb3425-73c6-5db4-ab89-009fa13120b1','https://picsum.photos/seed/8-5/1200/800',5,FALSE,'2026-01-07 10:00:00'),
('d6207352-e012-59ba-a2f8-b0d8c0b70482','8a1ff712-3173-5ac5-970c-90e59a83cf34','https://picsum.photos/seed/9-1/1200/800',1,TRUE,'2026-01-08 10:00:00'),
('ebba2860-cdaf-580b-be89-46e6f428f1a8','8a1ff712-3173-5ac5-970c-90e59a83cf34','https://picsum.photos/seed/9-2/1200/800',2,FALSE,'2026-01-08 10:00:00'),
('41560855-fdeb-5d4f-880e-ee5edc484994','8a1ff712-3173-5ac5-970c-90e59a83cf34','https://picsum.photos/seed/9-3/1200/800',3,FALSE,'2026-01-08 10:00:00'),
('4260feda-c92d-5bbc-8d54-4466a9f5ea0a','8a1ff712-3173-5ac5-970c-90e59a83cf34','https://picsum.photos/seed/9-4/1200/800',4,FALSE,'2026-01-08 10:00:00'),
('5ea1782c-caaa-51d0-a7e7-66fcd428b8c8','8a1ff712-3173-5ac5-970c-90e59a83cf34','https://picsum.photos/seed/9-5/1200/800',5,FALSE,'2026-01-08 10:00:00'),
('9e17c41a-8c86-543c-9d43-dbb4befab7af','e450aa9c-7dd9-555a-afb5-d3dcb3b66c95','https://picsum.photos/seed/10-1/1200/800',1,TRUE,'2026-01-09 10:00:00'),
('a75161d7-6ca7-5054-8ff2-0fb22f52b833','e450aa9c-7dd9-555a-afb5-d3dcb3b66c95','https://picsum.photos/seed/10-2/1200/800',2,FALSE,'2026-01-09 10:00:00'),
('c32cae96-c42a-5d6a-a590-e9a731e0a33e','e450aa9c-7dd9-555a-afb5-d3dcb3b66c95','https://picsum.photos/seed/10-3/1200/800',3,FALSE,'2026-01-09 10:00:00'),
('7234ca14-2e45-5a60-aff9-22817d9f92e9','e450aa9c-7dd9-555a-afb5-d3dcb3b66c95','https://picsum.photos/seed/10-4/1200/800',4,FALSE,'2026-01-09 10:00:00'),
('ee11b55d-bfbe-5e0e-a563-0050ae86259b','e450aa9c-7dd9-555a-afb5-d3dcb3b66c95','https://picsum.photos/seed/10-5/1200/800',5,FALSE,'2026-01-09 10:00:00'),
('186f0bd7-dfab-5472-8d28-02dad39df12a','88eb26dd-0519-523e-b904-bc39688b887c','https://picsum.photos/seed/11-1/1200/800',1,TRUE,'2026-01-10 10:00:00'),
('7ccd7abd-2cb8-5854-bc35-7dbbc3c23ef7','88eb26dd-0519-523e-b904-bc39688b887c','https://picsum.photos/seed/11-2/1200/800',2,FALSE,'2026-01-10 10:00:00'),
('5260dfdb-32b5-55fc-a520-134bd6bcc460','88eb26dd-0519-523e-b904-bc39688b887c','https://picsum.photos/seed/11-3/1200/800',3,FALSE,'2026-01-10 10:00:00'),
('9d058de1-ffdf-5a67-aadc-0bf43d761387','88eb26dd-0519-523e-b904-bc39688b887c','https://picsum.photos/seed/11-4/1200/800',4,FALSE,'2026-01-10 10:00:00'),
('d4d9b982-67eb-56b7-b879-3674e296fb82','88eb26dd-0519-523e-b904-bc39688b887c','https://picsum.photos/seed/11-5/1200/800',5,FALSE,'2026-01-10 10:00:00'),
('6a7b9048-b0a8-5e3b-bd6e-134114571a8c','13bc52ee-9923-5a18-a980-afe6527ed517','https://picsum.photos/seed/12-1/1200/800',1,TRUE,'2026-01-11 10:00:00'),
('d1367e12-7d0a-5842-994c-8a85ca003896','13bc52ee-9923-5a18-a980-afe6527ed517','https://picsum.photos/seed/12-2/1200/800',2,FALSE,'2026-01-11 10:00:00'),
('e9d1140a-fcc7-570a-81f8-15a0123ea047','13bc52ee-9923-5a18-a980-afe6527ed517','https://picsum.photos/seed/12-3/1200/800',3,FALSE,'2026-01-11 10:00:00'),
('1739bb89-32df-57ad-a228-86d11bf474d0','13bc52ee-9923-5a18-a980-afe6527ed517','https://picsum.photos/seed/12-4/1200/800',4,FALSE,'2026-01-11 10:00:00'),
('81df25a3-ac32-515b-8959-770305383e8e','13bc52ee-9923-5a18-a980-afe6527ed517','https://picsum.photos/seed/12-5/1200/800',5,FALSE,'2026-01-11 10:00:00'),
('0084c987-32de-593d-93cf-47b4e31b1785','ab9c283f-a07e-5d8e-a316-1f6a035cf615','https://picsum.photos/seed/13-1/1200/800',1,TRUE,'2026-01-12 10:00:00'),
('4990033d-53f6-5cdc-bca3-48425ea14960','ab9c283f-a07e-5d8e-a316-1f6a035cf615','https://picsum.photos/seed/13-2/1200/800',2,FALSE,'2026-01-12 10:00:00'),
('40aae081-6aa1-5c16-a7d8-60b2d13220c0','ab9c283f-a07e-5d8e-a316-1f6a035cf615','https://picsum.photos/seed/13-3/1200/800',3,FALSE,'2026-01-12 10:00:00'),
('be5122ac-40da-5c3e-b348-4748a2bfbd8d','ab9c283f-a07e-5d8e-a316-1f6a035cf615','https://picsum.photos/seed/13-4/1200/800',4,FALSE,'2026-01-12 10:00:00'),
('5b8854a7-e3c1-5bce-a59d-b0c4097be45a','ab9c283f-a07e-5d8e-a316-1f6a035cf615','https://picsum.photos/seed/13-5/1200/800',5,FALSE,'2026-01-12 10:00:00'),
('fc45c542-52fd-5fae-a00c-5a7c26079ccf','69f43ff7-0a85-5b3d-bce6-e6552dbf4ac2','https://picsum.photos/seed/14-1/1200/800',1,TRUE,'2026-01-13 10:00:00'),
('adfd4411-585c-50d5-a760-c9ed0aa335e8','69f43ff7-0a85-5b3d-bce6-e6552dbf4ac2','https://picsum.photos/seed/14-2/1200/800',2,FALSE,'2026-01-13 10:00:00'),
('9847e8ba-9b26-5a69-9aa8-22e66064671a','69f43ff7-0a85-5b3d-bce6-e6552dbf4ac2','https://picsum.photos/seed/14-3/1200/800',3,FALSE,'2026-01-13 10:00:00'),
('f167b90f-2fb3-5936-931b-0b6288cc8a21','69f43ff7-0a85-5b3d-bce6-e6552dbf4ac2','https://picsum.photos/seed/14-4/1200/800',4,FALSE,'2026-01-13 10:00:00'),
('d78b3947-6177-51b2-9f2e-3f2ecbda4b7f','69f43ff7-0a85-5b3d-bce6-e6552dbf4ac2','https://picsum.photos/seed/14-5/1200/800',5,FALSE,'2026-01-13 10:00:00')
ON CONFLICT (id) DO NOTHING;

-- Listing amenities
INSERT INTO listing_amenities (listing_id,amenity_id,created_at)
VALUES
('a5d829d7-c835-507d-882e-3577c1ffc84b','4d0c13b1-7888-5b78-a830-5084257cf3d4','2025-12-31 10:00:00'),
('a5d829d7-c835-507d-882e-3577c1ffc84b','0abf391c-4e96-59a7-be71-5c5008359a8f','2025-12-31 10:00:00'),
('a5d829d7-c835-507d-882e-3577c1ffc84b','32eb84e1-8bb2-52b9-ab92-41813dcdd782','2025-12-31 10:00:00'),
('a5d829d7-c835-507d-882e-3577c1ffc84b','61ef1d0d-4479-5f9c-baea-26e7df0a1555','2025-12-31 10:00:00'),
('a5d829d7-c835-507d-882e-3577c1ffc84b','e5d5f4b6-cc1a-58ff-bd3a-a5cd57775231','2025-12-31 10:00:00'),
('a5d829d7-c835-507d-882e-3577c1ffc84b','c58fd325-826d-544a-88d6-3085d6672ad0','2025-12-31 10:00:00'),
('f0c4cba5-8ff0-5303-bffb-c627b9e93eb7','4d0c13b1-7888-5b78-a830-5084257cf3d4','2026-01-01 10:00:00'),
('f0c4cba5-8ff0-5303-bffb-c627b9e93eb7','0abf391c-4e96-59a7-be71-5c5008359a8f','2026-01-01 10:00:00'),
('f0c4cba5-8ff0-5303-bffb-c627b9e93eb7','32eb84e1-8bb2-52b9-ab92-41813dcdd782','2026-01-01 10:00:00'),
('f0c4cba5-8ff0-5303-bffb-c627b9e93eb7','61ef1d0d-4479-5f9c-baea-26e7df0a1555','2026-01-01 10:00:00'),
('f0c4cba5-8ff0-5303-bffb-c627b9e93eb7','504bc3ba-2fcd-53ea-b136-aff7e1a7d199','2026-01-01 10:00:00'),
('f0c4cba5-8ff0-5303-bffb-c627b9e93eb7','c8946de4-f00d-5d15-a411-fb8e8af47519','2026-01-01 10:00:00'),
('3383c1dc-44ec-5ab9-a873-70f55d23d0c3','4d0c13b1-7888-5b78-a830-5084257cf3d4','2026-01-02 10:00:00'),
('3383c1dc-44ec-5ab9-a873-70f55d23d0c3','0abf391c-4e96-59a7-be71-5c5008359a8f','2026-01-02 10:00:00'),
('3383c1dc-44ec-5ab9-a873-70f55d23d0c3','32eb84e1-8bb2-52b9-ab92-41813dcdd782','2026-01-02 10:00:00'),
('3383c1dc-44ec-5ab9-a873-70f55d23d0c3','61ef1d0d-4479-5f9c-baea-26e7df0a1555','2026-01-02 10:00:00'),
('3383c1dc-44ec-5ab9-a873-70f55d23d0c3','c8946de4-f00d-5d15-a411-fb8e8af47519','2026-01-02 10:00:00'),
('3383c1dc-44ec-5ab9-a873-70f55d23d0c3','b066ce17-b82b-5d2e-aacb-85b766c5e7ec','2026-01-02 10:00:00'),
('eb2037c5-6c4e-54b6-a6a5-ff63f4b354a3','4d0c13b1-7888-5b78-a830-5084257cf3d4','2026-01-03 10:00:00'),
('eb2037c5-6c4e-54b6-a6a5-ff63f4b354a3','0abf391c-4e96-59a7-be71-5c5008359a8f','2026-01-03 10:00:00'),
('eb2037c5-6c4e-54b6-a6a5-ff63f4b354a3','32eb84e1-8bb2-52b9-ab92-41813dcdd782','2026-01-03 10:00:00'),
('eb2037c5-6c4e-54b6-a6a5-ff63f4b354a3','61ef1d0d-4479-5f9c-baea-26e7df0a1555','2026-01-03 10:00:00'),
('eb2037c5-6c4e-54b6-a6a5-ff63f4b354a3','c8946de4-f00d-5d15-a411-fb8e8af47519','2026-01-03 10:00:00'),
('eb2037c5-6c4e-54b6-a6a5-ff63f4b354a3','c58fd325-826d-544a-88d6-3085d6672ad0','2026-01-03 10:00:00'),
('5565200c-da27-5bd8-b0b0-ff1b1441ac0a','4d0c13b1-7888-5b78-a830-5084257cf3d4','2026-01-04 10:00:00'),
('5565200c-da27-5bd8-b0b0-ff1b1441ac0a','0abf391c-4e96-59a7-be71-5c5008359a8f','2026-01-04 10:00:00'),
('5565200c-da27-5bd8-b0b0-ff1b1441ac0a','32eb84e1-8bb2-52b9-ab92-41813dcdd782','2026-01-04 10:00:00'),
('5565200c-da27-5bd8-b0b0-ff1b1441ac0a','61ef1d0d-4479-5f9c-baea-26e7df0a1555','2026-01-04 10:00:00'),
('5565200c-da27-5bd8-b0b0-ff1b1441ac0a','504bc3ba-2fcd-53ea-b136-aff7e1a7d199','2026-01-04 10:00:00'),
('5565200c-da27-5bd8-b0b0-ff1b1441ac0a','b066ce17-b82b-5d2e-aacb-85b766c5e7ec','2026-01-04 10:00:00'),
('e6b203be-bcd5-5d46-9365-7b61190bafaa','4d0c13b1-7888-5b78-a830-5084257cf3d4','2026-01-05 10:00:00'),
('e6b203be-bcd5-5d46-9365-7b61190bafaa','0abf391c-4e96-59a7-be71-5c5008359a8f','2026-01-05 10:00:00'),
('e6b203be-bcd5-5d46-9365-7b61190bafaa','32eb84e1-8bb2-52b9-ab92-41813dcdd782','2026-01-05 10:00:00'),
('e6b203be-bcd5-5d46-9365-7b61190bafaa','61ef1d0d-4479-5f9c-baea-26e7df0a1555','2026-01-05 10:00:00'),
('e6b203be-bcd5-5d46-9365-7b61190bafaa','b066ce17-b82b-5d2e-aacb-85b766c5e7ec','2026-01-05 10:00:00'),
('e6b203be-bcd5-5d46-9365-7b61190bafaa','a9963428-0687-59d3-9481-458c5307219e','2026-01-05 10:00:00'),
('217f2fa8-1287-55fd-967c-5bb8790fee9e','4d0c13b1-7888-5b78-a830-5084257cf3d4','2026-01-06 10:00:00'),
('217f2fa8-1287-55fd-967c-5bb8790fee9e','0abf391c-4e96-59a7-be71-5c5008359a8f','2026-01-06 10:00:00'),
('217f2fa8-1287-55fd-967c-5bb8790fee9e','32eb84e1-8bb2-52b9-ab92-41813dcdd782','2026-01-06 10:00:00'),
('217f2fa8-1287-55fd-967c-5bb8790fee9e','61ef1d0d-4479-5f9c-baea-26e7df0a1555','2026-01-06 10:00:00'),
('217f2fa8-1287-55fd-967c-5bb8790fee9e','c8946de4-f00d-5d15-a411-fb8e8af47519','2026-01-06 10:00:00'),
('217f2fa8-1287-55fd-967c-5bb8790fee9e','c58fd325-826d-544a-88d6-3085d6672ad0','2026-01-06 10:00:00'),
('14cb3425-73c6-5db4-ab89-009fa13120b1','4d0c13b1-7888-5b78-a830-5084257cf3d4','2026-01-07 10:00:00'),
('14cb3425-73c6-5db4-ab89-009fa13120b1','0abf391c-4e96-59a7-be71-5c5008359a8f','2026-01-07 10:00:00'),
('14cb3425-73c6-5db4-ab89-009fa13120b1','32eb84e1-8bb2-52b9-ab92-41813dcdd782','2026-01-07 10:00:00'),
('14cb3425-73c6-5db4-ab89-009fa13120b1','61ef1d0d-4479-5f9c-baea-26e7df0a1555','2026-01-07 10:00:00'),
('14cb3425-73c6-5db4-ab89-009fa13120b1','b066ce17-b82b-5d2e-aacb-85b766c5e7ec','2026-01-07 10:00:00'),
('14cb3425-73c6-5db4-ab89-009fa13120b1','c8946de4-f00d-5d15-a411-fb8e8af47519','2026-01-07 10:00:00'),
('8a1ff712-3173-5ac5-970c-90e59a83cf34','4d0c13b1-7888-5b78-a830-5084257cf3d4','2026-01-08 10:00:00'),
('8a1ff712-3173-5ac5-970c-90e59a83cf34','0abf391c-4e96-59a7-be71-5c5008359a8f','2026-01-08 10:00:00'),
('8a1ff712-3173-5ac5-970c-90e59a83cf34','32eb84e1-8bb2-52b9-ab92-41813dcdd782','2026-01-08 10:00:00'),
('8a1ff712-3173-5ac5-970c-90e59a83cf34','61ef1d0d-4479-5f9c-baea-26e7df0a1555','2026-01-08 10:00:00'),
('8a1ff712-3173-5ac5-970c-90e59a83cf34','b066ce17-b82b-5d2e-aacb-85b766c5e7ec','2026-01-08 10:00:00'),
('8a1ff712-3173-5ac5-970c-90e59a83cf34','504bc3ba-2fcd-53ea-b136-aff7e1a7d199','2026-01-08 10:00:00'),
('e450aa9c-7dd9-555a-afb5-d3dcb3b66c95','4d0c13b1-7888-5b78-a830-5084257cf3d4','2026-01-09 10:00:00'),
('e450aa9c-7dd9-555a-afb5-d3dcb3b66c95','0abf391c-4e96-59a7-be71-5c5008359a8f','2026-01-09 10:00:00'),
('e450aa9c-7dd9-555a-afb5-d3dcb3b66c95','32eb84e1-8bb2-52b9-ab92-41813dcdd782','2026-01-09 10:00:00'),
('e450aa9c-7dd9-555a-afb5-d3dcb3b66c95','61ef1d0d-4479-5f9c-baea-26e7df0a1555','2026-01-09 10:00:00'),
('e450aa9c-7dd9-555a-afb5-d3dcb3b66c95','b066ce17-b82b-5d2e-aacb-85b766c5e7ec','2026-01-09 10:00:00'),
('e450aa9c-7dd9-555a-afb5-d3dcb3b66c95','c8946de4-f00d-5d15-a411-fb8e8af47519','2026-01-09 10:00:00'),
('88eb26dd-0519-523e-b904-bc39688b887c','4d0c13b1-7888-5b78-a830-5084257cf3d4','2026-01-10 10:00:00'),
('88eb26dd-0519-523e-b904-bc39688b887c','0abf391c-4e96-59a7-be71-5c5008359a8f','2026-01-10 10:00:00'),
('88eb26dd-0519-523e-b904-bc39688b887c','32eb84e1-8bb2-52b9-ab92-41813dcdd782','2026-01-10 10:00:00'),
('88eb26dd-0519-523e-b904-bc39688b887c','61ef1d0d-4479-5f9c-baea-26e7df0a1555','2026-01-10 10:00:00'),
('88eb26dd-0519-523e-b904-bc39688b887c','c58fd325-826d-544a-88d6-3085d6672ad0','2026-01-10 10:00:00'),
('88eb26dd-0519-523e-b904-bc39688b887c','b066ce17-b82b-5d2e-aacb-85b766c5e7ec','2026-01-10 10:00:00'),
('13bc52ee-9923-5a18-a980-afe6527ed517','4d0c13b1-7888-5b78-a830-5084257cf3d4','2026-01-11 10:00:00'),
('13bc52ee-9923-5a18-a980-afe6527ed517','0abf391c-4e96-59a7-be71-5c5008359a8f','2026-01-11 10:00:00'),
('13bc52ee-9923-5a18-a980-afe6527ed517','32eb84e1-8bb2-52b9-ab92-41813dcdd782','2026-01-11 10:00:00'),
('13bc52ee-9923-5a18-a980-afe6527ed517','61ef1d0d-4479-5f9c-baea-26e7df0a1555','2026-01-11 10:00:00'),
('13bc52ee-9923-5a18-a980-afe6527ed517','e5d5f4b6-cc1a-58ff-bd3a-a5cd57775231','2026-01-11 10:00:00'),
('13bc52ee-9923-5a18-a980-afe6527ed517','c8946de4-f00d-5d15-a411-fb8e8af47519','2026-01-11 10:00:00'),
('ab9c283f-a07e-5d8e-a316-1f6a035cf615','4d0c13b1-7888-5b78-a830-5084257cf3d4','2026-01-12 10:00:00'),
('ab9c283f-a07e-5d8e-a316-1f6a035cf615','0abf391c-4e96-59a7-be71-5c5008359a8f','2026-01-12 10:00:00'),
('ab9c283f-a07e-5d8e-a316-1f6a035cf615','32eb84e1-8bb2-52b9-ab92-41813dcdd782','2026-01-12 10:00:00'),
('ab9c283f-a07e-5d8e-a316-1f6a035cf615','61ef1d0d-4479-5f9c-baea-26e7df0a1555','2026-01-12 10:00:00'),
('ab9c283f-a07e-5d8e-a316-1f6a035cf615','c58fd325-826d-544a-88d6-3085d6672ad0','2026-01-12 10:00:00'),
('ab9c283f-a07e-5d8e-a316-1f6a035cf615','504bc3ba-2fcd-53ea-b136-aff7e1a7d199','2026-01-12 10:00:00'),
('69f43ff7-0a85-5b3d-bce6-e6552dbf4ac2','4d0c13b1-7888-5b78-a830-5084257cf3d4','2026-01-13 10:00:00'),
('69f43ff7-0a85-5b3d-bce6-e6552dbf4ac2','0abf391c-4e96-59a7-be71-5c5008359a8f','2026-01-13 10:00:00'),
('69f43ff7-0a85-5b3d-bce6-e6552dbf4ac2','32eb84e1-8bb2-52b9-ab92-41813dcdd782','2026-01-13 10:00:00'),
('69f43ff7-0a85-5b3d-bce6-e6552dbf4ac2','61ef1d0d-4479-5f9c-baea-26e7df0a1555','2026-01-13 10:00:00'),
('69f43ff7-0a85-5b3d-bce6-e6552dbf4ac2','b066ce17-b82b-5d2e-aacb-85b766c5e7ec','2026-01-13 10:00:00'),
('69f43ff7-0a85-5b3d-bce6-e6552dbf4ac2','a9963428-0687-59d3-9481-458c5307219e','2026-01-13 10:00:00')
ON CONFLICT DO NOTHING;

-- Bookings (for demo reviews)
INSERT INTO bookings (id,listing_id,guest_id,check_in,check_out,guests_count,status,price_per_night_snapshot,total_amount,currency,created_at,updated_at)
VALUES
('306dd96d-4990-52f9-b339-eb193fb6e19e','a5d829d7-c835-507d-882e-3577c1ffc84b','6255dc88-8cd8-5c2c-b42b-c7b6c217f113','2026-01-07','2026-01-09',2,'completed',760000,1520000,'VND','2026-01-02 10:00:00','2026-01-03 10:00:00'),
('9defc738-41de-5be3-a2cc-b281f4a49298','a5d829d7-c835-507d-882e-3577c1ffc84b','97021a5b-0e61-5040-9dae-8e3eebda6285','2026-01-06','2026-01-08',2,'completed',760000,1520000,'VND','2026-01-01 10:00:00','2026-01-02 10:00:00'),
('5f8864e1-639b-557b-abc8-9075e9b959aa','a5d829d7-c835-507d-882e-3577c1ffc84b','ba552b22-8b68-55b2-b20e-815f9d2c7d88','2026-01-05','2026-01-07',2,'completed',760000,1520000,'VND','2025-12-31 10:00:00','2026-01-01 10:00:00'),
('0af0598b-b458-5bae-a772-cd61ccd927d4','f0c4cba5-8ff0-5303-bffb-c627b9e93eb7','6255dc88-8cd8-5c2c-b42b-c7b6c217f113','2026-01-06','2026-01-08',2,'completed',1149518,2299036,'VND','2026-01-01 10:00:00','2026-01-02 10:00:00'),
('14af3d26-7b63-58ef-af6a-525eaf7e0791','f0c4cba5-8ff0-5303-bffb-c627b9e93eb7','97021a5b-0e61-5040-9dae-8e3eebda6285','2026-01-05','2026-01-07',2,'completed',1149518,2299036,'VND','2025-12-31 10:00:00','2026-01-01 10:00:00'),
('23b0ea63-e3f5-5dbf-bf9c-045efb33401d','f0c4cba5-8ff0-5303-bffb-c627b9e93eb7','ba552b22-8b68-55b2-b20e-815f9d2c7d88','2026-01-04','2026-01-06',2,'completed',1149518,2299036,'VND','2025-12-30 10:00:00','2025-12-31 10:00:00'),
('12627dd5-9bd0-5567-87ae-89a0a32310e7','3383c1dc-44ec-5ab9-a873-70f55d23d0c3','6255dc88-8cd8-5c2c-b42b-c7b6c217f113','2026-01-05','2026-01-07',2,'completed',1184400,2368800,'VND','2025-12-31 10:00:00','2026-01-01 10:00:00'),
('bf4bc69a-b050-5172-8877-771b85899965','3383c1dc-44ec-5ab9-a873-70f55d23d0c3','97021a5b-0e61-5040-9dae-8e3eebda6285','2026-01-04','2026-01-06',2,'completed',1184400,2368800,'VND','2025-12-30 10:00:00','2025-12-31 10:00:00'),
('eaad74c9-aa13-5ad9-a91e-4f4ee05482d5','3383c1dc-44ec-5ab9-a873-70f55d23d0c3','ba552b22-8b68-55b2-b20e-815f9d2c7d88','2026-01-03','2026-01-05',2,'completed',1184400,2368800,'VND','2025-12-29 10:00:00','2025-12-30 10:00:00'),
('afaafed1-80e2-55e0-87fe-0c19d2a82187','eb2037c5-6c4e-54b6-a6a5-ff63f4b354a3','6255dc88-8cd8-5c2c-b42b-c7b6c217f113','2026-01-04','2026-01-06',2,'completed',993553,1987106,'VND','2025-12-30 10:00:00','2025-12-31 10:00:00'),
('45e71982-b6e8-589d-8822-558e675840d8','eb2037c5-6c4e-54b6-a6a5-ff63f4b354a3','97021a5b-0e61-5040-9dae-8e3eebda6285','2026-01-03','2026-01-05',2,'completed',993553,1987106,'VND','2025-12-29 10:00:00','2025-12-30 10:00:00'),
('3942c1b9-f148-5d8a-a51e-49a5939429c0','eb2037c5-6c4e-54b6-a6a5-ff63f4b354a3','ba552b22-8b68-55b2-b20e-815f9d2c7d88','2026-01-02','2026-01-04',2,'completed',993553,1987106,'VND','2025-12-28 10:00:00','2025-12-29 10:00:00'),
('74c90484-05e2-5498-ab98-b1f909bf1ec7','5565200c-da27-5bd8-b0b0-ff1b1441ac0a','6255dc88-8cd8-5c2c-b42b-c7b6c217f113','2026-01-03','2026-01-05',2,'completed',1594306,3188612,'VND','2025-12-29 10:00:00','2025-12-30 10:00:00'),
('4b2dd656-4f0f-5dd7-9274-b22c5dc2291d','5565200c-da27-5bd8-b0b0-ff1b1441ac0a','97021a5b-0e61-5040-9dae-8e3eebda6285','2026-01-02','2026-01-04',2,'completed',1594306,3188612,'VND','2025-12-28 10:00:00','2025-12-29 10:00:00'),
('2f117f11-7a3d-5101-9e29-d53050472502','5565200c-da27-5bd8-b0b0-ff1b1441ac0a','ba552b22-8b68-55b2-b20e-815f9d2c7d88','2026-01-01','2026-01-03',2,'completed',1594306,3188612,'VND','2025-12-27 10:00:00','2025-12-28 10:00:00'),
('d3392974-a947-5b05-a647-60f1bd36a8a2','e6b203be-bcd5-5d46-9365-7b61190bafaa','6255dc88-8cd8-5c2c-b42b-c7b6c217f113','2026-01-02','2026-01-04',2,'completed',2025396,4050792,'VND','2025-12-28 10:00:00','2025-12-29 10:00:00'),
('f9dfb002-3eac-5210-ba8e-bec3748045ca','e6b203be-bcd5-5d46-9365-7b61190bafaa','97021a5b-0e61-5040-9dae-8e3eebda6285','2026-01-01','2026-01-03',2,'completed',2025396,4050792,'VND','2025-12-27 10:00:00','2025-12-28 10:00:00'),
('f25a898f-41bd-50bf-84e6-89e3c8f6be85','e6b203be-bcd5-5d46-9365-7b61190bafaa','ba552b22-8b68-55b2-b20e-815f9d2c7d88','2025-12-31','2026-01-02',2,'completed',2025396,4050792,'VND','2025-12-26 10:00:00','2025-12-27 10:00:00'),
('23698852-61ce-5516-962f-db6900dfd688','217f2fa8-1287-55fd-967c-5bb8790fee9e','6255dc88-8cd8-5c2c-b42b-c7b6c217f113','2026-01-01','2026-01-03',2,'completed',2495342,4990684,'VND','2025-12-27 10:00:00','2025-12-28 10:00:00'),
('8bf9fc13-97c9-5176-8ddc-5e23ccf3ae24','217f2fa8-1287-55fd-967c-5bb8790fee9e','97021a5b-0e61-5040-9dae-8e3eebda6285','2025-12-31','2026-01-02',2,'completed',2495342,4990684,'VND','2025-12-26 10:00:00','2025-12-27 10:00:00'),
('0f309899-2c1a-553b-8023-c60c338d5edf','217f2fa8-1287-55fd-967c-5bb8790fee9e','ba552b22-8b68-55b2-b20e-815f9d2c7d88','2025-12-30','2026-01-01',2,'completed',2495342,4990684,'VND','2025-12-25 10:00:00','2025-12-26 10:00:00'),
('91969bfc-8a64-5c1e-8e4b-202c480ca18c','14cb3425-73c6-5db4-ab89-009fa13120b1','6255dc88-8cd8-5c2c-b42b-c7b6c217f113','2025-12-31','2026-01-02',2,'completed',2320267,4640534,'VND','2025-12-26 10:00:00','2025-12-27 10:00:00'),
('c3a6896a-e5ce-5512-863b-f8f0ddda2c0e','14cb3425-73c6-5db4-ab89-009fa13120b1','97021a5b-0e61-5040-9dae-8e3eebda6285','2025-12-30','2026-01-01',2,'completed',2320267,4640534,'VND','2025-12-25 10:00:00','2025-12-26 10:00:00'),
('2bf3c387-456b-504c-a608-8605057ff646','14cb3425-73c6-5db4-ab89-009fa13120b1','ba552b22-8b68-55b2-b20e-815f9d2c7d88','2025-12-29','2025-12-31',2,'completed',2320267,4640534,'VND','2025-12-24 10:00:00','2025-12-25 10:00:00'),
('a3004756-97d5-53fb-853d-e7d2e53bdcd2','8a1ff712-3173-5ac5-970c-90e59a83cf34','6255dc88-8cd8-5c2c-b42b-c7b6c217f113','2025-12-30','2026-01-01',2,'completed',1476533,2953066,'VND','2025-12-25 10:00:00','2025-12-26 10:00:00'),
('22a2e50e-52e3-53a7-ab4d-03edb051e342','8a1ff712-3173-5ac5-970c-90e59a83cf34','97021a5b-0e61-5040-9dae-8e3eebda6285','2025-12-29','2025-12-31',2,'completed',1476533,2953066,'VND','2025-12-24 10:00:00','2025-12-25 10:00:00'),
('72dd8b7b-5875-5c84-9aad-5aeca91f99b9','8a1ff712-3173-5ac5-970c-90e59a83cf34','ba552b22-8b68-55b2-b20e-815f9d2c7d88','2025-12-28','2025-12-30',2,'completed',1476533,2953066,'VND','2025-12-23 10:00:00','2025-12-24 10:00:00'),
('196408da-61fd-59d0-8528-0fb1433ab106','e450aa9c-7dd9-555a-afb5-d3dcb3b66c95','6255dc88-8cd8-5c2c-b42b-c7b6c217f113','2025-12-29','2025-12-31',2,'completed',2672418,5344836,'VND','2025-12-24 10:00:00','2025-12-25 10:00:00'),
('ce3fcf86-e307-5871-8ea7-3dea898a419d','e450aa9c-7dd9-555a-afb5-d3dcb3b66c95','97021a5b-0e61-5040-9dae-8e3eebda6285','2025-12-28','2025-12-30',2,'completed',2672418,5344836,'VND','2025-12-23 10:00:00','2025-12-24 10:00:00'),
('13b77f37-15c4-5ba7-be8e-f5f2dd53249c','e450aa9c-7dd9-555a-afb5-d3dcb3b66c95','ba552b22-8b68-55b2-b20e-815f9d2c7d88','2025-12-27','2025-12-29',2,'completed',2672418,5344836,'VND','2025-12-22 10:00:00','2025-12-23 10:00:00'),
('437372b5-62da-5ed5-ab16-6c7eaa9e8d4f','88eb26dd-0519-523e-b904-bc39688b887c','6255dc88-8cd8-5c2c-b42b-c7b6c217f113','2025-12-28','2025-12-30',2,'completed',4387414,8774828,'VND','2025-12-23 10:00:00','2025-12-24 10:00:00'),
('049186c3-038f-50f7-bcbe-3b39c6aa93ad','88eb26dd-0519-523e-b904-bc39688b887c','97021a5b-0e61-5040-9dae-8e3eebda6285','2025-12-27','2025-12-29',2,'completed',4387414,8774828,'VND','2025-12-22 10:00:00','2025-12-23 10:00:00'),
('701c14d1-0563-5e63-bcf4-bb31c633f8ca','88eb26dd-0519-523e-b904-bc39688b887c','ba552b22-8b68-55b2-b20e-815f9d2c7d88','2025-12-26','2025-12-28',2,'completed',4387414,8774828,'VND','2025-12-21 10:00:00','2025-12-22 10:00:00'),
('e5bb2884-c5c5-551b-a33c-0c610f057eb8','13bc52ee-9923-5a18-a980-afe6527ed517','6255dc88-8cd8-5c2c-b42b-c7b6c217f113','2025-12-27','2025-12-29',2,'completed',1643218,3286436,'VND','2025-12-22 10:00:00','2025-12-23 10:00:00'),
('b9834d3a-09ca-5661-af24-c18068c76d15','13bc52ee-9923-5a18-a980-afe6527ed517','97021a5b-0e61-5040-9dae-8e3eebda6285','2025-12-26','2025-12-28',2,'completed',1643218,3286436,'VND','2025-12-21 10:00:00','2025-12-22 10:00:00'),
('9048dc20-f1f8-55bd-a2a0-1b6e94ad471c','13bc52ee-9923-5a18-a980-afe6527ed517','ba552b22-8b68-55b2-b20e-815f9d2c7d88','2025-12-25','2025-12-27',2,'completed',1643218,3286436,'VND','2025-12-20 10:00:00','2025-12-21 10:00:00'),
('004e925e-5ec1-5b73-89bb-302d440a4f9d','ab9c283f-a07e-5d8e-a316-1f6a035cf615','6255dc88-8cd8-5c2c-b42b-c7b6c217f113','2025-12-26','2025-12-28',2,'completed',680000,1360000,'VND','2025-12-21 10:00:00','2025-12-22 10:00:00'),
('3feff97e-ddd2-56fe-83fe-286bd02552c6','ab9c283f-a07e-5d8e-a316-1f6a035cf615','97021a5b-0e61-5040-9dae-8e3eebda6285','2025-12-25','2025-12-27',2,'completed',680000,1360000,'VND','2025-12-20 10:00:00','2025-12-21 10:00:00'),
('34e99d6a-28c5-5f25-8e55-133a6261507e','ab9c283f-a07e-5d8e-a316-1f6a035cf615','ba552b22-8b68-55b2-b20e-815f9d2c7d88','2025-12-24','2025-12-26',2,'completed',680000,1360000,'VND','2025-12-19 10:00:00','2025-12-20 10:00:00'),
('7a36ea04-7e4d-5b91-9337-be1510dacba0','69f43ff7-0a85-5b3d-bce6-e6552dbf4ac2','6255dc88-8cd8-5c2c-b42b-c7b6c217f113','2025-12-25','2025-12-27',2,'completed',1450000,2900000,'VND','2025-12-20 10:00:00','2025-12-21 10:00:00'),
('17f78374-3e98-591a-9dcb-2e88477cbaba','69f43ff7-0a85-5b3d-bce6-e6552dbf4ac2','97021a5b-0e61-5040-9dae-8e3eebda6285','2025-12-24','2025-12-26',2,'completed',1450000,2900000,'VND','2025-12-19 10:00:00','2025-12-20 10:00:00'),
('fcb63c9e-858a-5119-8d6a-e2f59b209c1a','69f43ff7-0a85-5b3d-bce6-e6552dbf4ac2','ba552b22-8b68-55b2-b20e-815f9d2c7d88','2025-12-23','2025-12-25',2,'completed',1450000,2900000,'VND','2025-12-18 10:00:00','2025-12-19 10:00:00')
ON CONFLICT (id) DO NOTHING;

-- Reviews
INSERT INTO reviews (id,booking_id,listing_id,reviewer_id,rating,comment,created_at)
VALUES
('bd1f8b0c-f9dd-53a7-b3d8-62c1573b0905','306dd96d-4990-52f9-b339-eb193fb6e19e','a5d829d7-c835-507d-882e-3577c1ffc84b','6255dc88-8cd8-5c2c-b42b-c7b6c217f113',5,'Chỗ ở rất ổn, đúng mô tả. Sạch sẽ và chủ nhà hỗ trợ nhanh.','2026-01-22 10:00:00'),
('de1f95f2-d81e-50af-9d16-afdd69ff239e','9defc738-41de-5be3-a2cc-b281f4a49298','a5d829d7-c835-507d-882e-3577c1ffc84b','97021a5b-0e61-5040-9dae-8e3eebda6285',5,'Chỗ ở rất ổn, đúng mô tả. Sạch sẽ và chủ nhà hỗ trợ nhanh.','2026-01-21 10:00:00'),
('ecdfc02b-2872-5364-a306-e144dd63ca52','5f8864e1-639b-557b-abc8-9075e9b959aa','a5d829d7-c835-507d-882e-3577c1ffc84b','ba552b22-8b68-55b2-b20e-815f9d2c7d88',5,'Chỗ ở rất ổn, đúng mô tả. Sạch sẽ và chủ nhà hỗ trợ nhanh.','2026-01-20 10:00:00'),
('11b6e513-ee53-52b3-b04c-7e47cd61d889','0af0598b-b458-5bae-a772-cd61ccd927d4','f0c4cba5-8ff0-5303-bffb-c627b9e93eb7','6255dc88-8cd8-5c2c-b42b-c7b6c217f113',5,'Chỗ ở rất ổn, đúng mô tả. Sạch sẽ và chủ nhà hỗ trợ nhanh.','2026-01-21 10:00:00'),
('079ba390-f87a-5346-aa5f-1d6fda984e99','14af3d26-7b63-58ef-af6a-525eaf7e0791','f0c4cba5-8ff0-5303-bffb-c627b9e93eb7','97021a5b-0e61-5040-9dae-8e3eebda6285',5,'Chỗ ở rất ổn, đúng mô tả. Sạch sẽ và chủ nhà hỗ trợ nhanh.','2026-01-20 10:00:00'),
('e9d0fb02-06f2-5130-9eaf-827050c48adb','23b0ea63-e3f5-5dbf-bf9c-045efb33401d','f0c4cba5-8ff0-5303-bffb-c627b9e93eb7','ba552b22-8b68-55b2-b20e-815f9d2c7d88',5,'Chỗ ở rất ổn, đúng mô tả. Sạch sẽ và chủ nhà hỗ trợ nhanh.','2026-01-19 10:00:00'),
('b28e6b55-7f07-5547-926e-89854f98df05','12627dd5-9bd0-5567-87ae-89a0a32310e7','3383c1dc-44ec-5ab9-a873-70f55d23d0c3','6255dc88-8cd8-5c2c-b42b-c7b6c217f113',5,'Chỗ ở rất ổn, đúng mô tả. Sạch sẽ và chủ nhà hỗ trợ nhanh.','2026-01-20 10:00:00'),
('7848e750-ea07-5055-a99b-2afafe2b4056','bf4bc69a-b050-5172-8877-771b85899965','3383c1dc-44ec-5ab9-a873-70f55d23d0c3','97021a5b-0e61-5040-9dae-8e3eebda6285',5,'Chỗ ở rất ổn, đúng mô tả. Sạch sẽ và chủ nhà hỗ trợ nhanh.','2026-01-19 10:00:00'),
('f610e8f2-6692-5946-aafe-1d73c63668ec','eaad74c9-aa13-5ad9-a91e-4f4ee05482d5','3383c1dc-44ec-5ab9-a873-70f55d23d0c3','ba552b22-8b68-55b2-b20e-815f9d2c7d88',4,'Chỗ ở rất ổn, đúng mô tả. Sạch sẽ và chủ nhà hỗ trợ nhanh.','2026-01-18 10:00:00'),
('69d060f7-4b69-5f9b-98ca-8cc0ede19f09','afaafed1-80e2-55e0-87fe-0c19d2a82187','eb2037c5-6c4e-54b6-a6a5-ff63f4b354a3','6255dc88-8cd8-5c2c-b42b-c7b6c217f113',5,'Chỗ ở rất ổn, đúng mô tả. Sạch sẽ và chủ nhà hỗ trợ nhanh.','2026-01-19 10:00:00'),
('497aed1f-756f-5916-b6c1-cb00aaa2bb8b','45e71982-b6e8-589d-8822-558e675840d8','eb2037c5-6c4e-54b6-a6a5-ff63f4b354a3','97021a5b-0e61-5040-9dae-8e3eebda6285',5,'Chỗ ở rất ổn, đúng mô tả. Sạch sẽ và chủ nhà hỗ trợ nhanh.','2026-01-18 10:00:00'),
('49e2ff8a-206a-5f41-b9c6-4a472e3cee2c','3942c1b9-f148-5d8a-a51e-49a5939429c0','eb2037c5-6c4e-54b6-a6a5-ff63f4b354a3','ba552b22-8b68-55b2-b20e-815f9d2c7d88',5,'Chỗ ở rất ổn, đúng mô tả. Sạch sẽ và chủ nhà hỗ trợ nhanh.','2026-01-17 10:00:00'),
('3b6867a1-b2c4-5ecd-9c87-f2a24b374ba4','74c90484-05e2-5498-ab98-b1f909bf1ec7','5565200c-da27-5bd8-b0b0-ff1b1441ac0a','6255dc88-8cd8-5c2c-b42b-c7b6c217f113',4,'Chỗ ở rất ổn, đúng mô tả. Sạch sẽ và chủ nhà hỗ trợ nhanh.','2026-01-18 10:00:00'),
('a6764044-0911-5df1-8f0f-fd53d995d5ae','4b2dd656-4f0f-5dd7-9274-b22c5dc2291d','5565200c-da27-5bd8-b0b0-ff1b1441ac0a','97021a5b-0e61-5040-9dae-8e3eebda6285',5,'Chỗ ở rất ổn, đúng mô tả. Sạch sẽ và chủ nhà hỗ trợ nhanh.','2026-01-17 10:00:00'),
('6d03dd70-35d9-5741-b5fc-92a88a78a64f','2f117f11-7a3d-5101-9e29-d53050472502','5565200c-da27-5bd8-b0b0-ff1b1441ac0a','ba552b22-8b68-55b2-b20e-815f9d2c7d88',5,'Chỗ ở rất ổn, đúng mô tả. Sạch sẽ và chủ nhà hỗ trợ nhanh.','2026-01-16 10:00:00'),
('329c0f39-26d4-56da-9e50-447eed1c8015','d3392974-a947-5b05-a647-60f1bd36a8a2','e6b203be-bcd5-5d46-9365-7b61190bafaa','6255dc88-8cd8-5c2c-b42b-c7b6c217f113',5,'Chỗ ở rất ổn, đúng mô tả. Sạch sẽ và chủ nhà hỗ trợ nhanh.','2026-01-17 10:00:00'),
('e2d3c9b1-776e-50a8-aac7-99c7fdc95ace','f9dfb002-3eac-5210-ba8e-bec3748045ca','e6b203be-bcd5-5d46-9365-7b61190bafaa','97021a5b-0e61-5040-9dae-8e3eebda6285',4,'Chỗ ở rất ổn, đúng mô tả. Sạch sẽ và chủ nhà hỗ trợ nhanh.','2026-01-16 10:00:00'),
('83e04292-c58e-5f06-9dfe-a2e1a07ac257','f25a898f-41bd-50bf-84e6-89e3c8f6be85','e6b203be-bcd5-5d46-9365-7b61190bafaa','ba552b22-8b68-55b2-b20e-815f9d2c7d88',5,'Chỗ ở rất ổn, đúng mô tả. Sạch sẽ và chủ nhà hỗ trợ nhanh.','2026-01-15 10:00:00'),
('ba564d36-18a1-5cf7-9315-1617825110e6','23698852-61ce-5516-962f-db6900dfd688','217f2fa8-1287-55fd-967c-5bb8790fee9e','6255dc88-8cd8-5c2c-b42b-c7b6c217f113',4,'Chỗ ở rất ổn, đúng mô tả. Sạch sẽ và chủ nhà hỗ trợ nhanh.','2026-01-16 10:00:00'),
('970515ee-06aa-5aaa-9da9-e06dd270c3c1','8bf9fc13-97c9-5176-8ddc-5e23ccf3ae24','217f2fa8-1287-55fd-967c-5bb8790fee9e','97021a5b-0e61-5040-9dae-8e3eebda6285',5,'Chỗ ở rất ổn, đúng mô tả. Sạch sẽ và chủ nhà hỗ trợ nhanh.','2026-01-15 10:00:00'),
('ad618c86-a21a-510f-bee1-151bae2e6c1d','0f309899-2c1a-553b-8023-c60c338d5edf','217f2fa8-1287-55fd-967c-5bb8790fee9e','ba552b22-8b68-55b2-b20e-815f9d2c7d88',5,'Chỗ ở rất ổn, đúng mô tả. Sạch sẽ và chủ nhà hỗ trợ nhanh.','2026-01-14 10:00:00'),
('c3e58439-4ab7-55d1-a8d5-099e4a61574e','91969bfc-8a64-5c1e-8e4b-202c480ca18c','14cb3425-73c6-5db4-ab89-009fa13120b1','6255dc88-8cd8-5c2c-b42b-c7b6c217f113',4,'Chỗ ở rất ổn, đúng mô tả. Sạch sẽ và chủ nhà hỗ trợ nhanh.','2026-01-15 10:00:00'),
('a8f059b9-27d7-55da-87d7-5ea5aaf64678','c3a6896a-e5ce-5512-863b-f8f0ddda2c0e','14cb3425-73c6-5db4-ab89-009fa13120b1','97021a5b-0e61-5040-9dae-8e3eebda6285',4,'Chỗ ở rất ổn, đúng mô tả. Sạch sẽ và chủ nhà hỗ trợ nhanh.','2026-01-14 10:00:00'),
('b6fa7a86-fbf0-56da-b580-6bda6b97fb02','2bf3c387-456b-504c-a608-8605057ff646','14cb3425-73c6-5db4-ab89-009fa13120b1','ba552b22-8b68-55b2-b20e-815f9d2c7d88',5,'Chỗ ở rất ổn, đúng mô tả. Sạch sẽ và chủ nhà hỗ trợ nhanh.','2026-01-13 10:00:00'),
('d64b2b67-7e77-54ee-8dc9-caf24af39a53','a3004756-97d5-53fb-853d-e7d2e53bdcd2','8a1ff712-3173-5ac5-970c-90e59a83cf34','6255dc88-8cd8-5c2c-b42b-c7b6c217f113',5,'Chỗ ở rất ổn, đúng mô tả. Sạch sẽ và chủ nhà hỗ trợ nhanh.','2026-01-14 10:00:00'),
('2840e680-f31f-575a-a98b-098461d4eb2e','22a2e50e-52e3-53a7-ab4d-03edb051e342','8a1ff712-3173-5ac5-970c-90e59a83cf34','97021a5b-0e61-5040-9dae-8e3eebda6285',5,'Chỗ ở rất ổn, đúng mô tả. Sạch sẽ và chủ nhà hỗ trợ nhanh.','2026-01-13 10:00:00'),
('6233d0c6-f4e5-5e93-952d-8d147c2de887','72dd8b7b-5875-5c84-9aad-5aeca91f99b9','8a1ff712-3173-5ac5-970c-90e59a83cf34','ba552b22-8b68-55b2-b20e-815f9d2c7d88',4,'Chỗ ở rất ổn, đúng mô tả. Sạch sẽ và chủ nhà hỗ trợ nhanh.','2026-01-12 10:00:00'),
('ba7b9309-32fc-500c-a83d-ab5327ea1b9b','196408da-61fd-59d0-8528-0fb1433ab106','e450aa9c-7dd9-555a-afb5-d3dcb3b66c95','6255dc88-8cd8-5c2c-b42b-c7b6c217f113',5,'Chỗ ở rất ổn, đúng mô tả. Sạch sẽ và chủ nhà hỗ trợ nhanh.','2026-01-13 10:00:00'),
('87b0ab2a-703a-5621-835a-3acea480707c','ce3fcf86-e307-5871-8ea7-3dea898a419d','e450aa9c-7dd9-555a-afb5-d3dcb3b66c95','97021a5b-0e61-5040-9dae-8e3eebda6285',4,'Chỗ ở rất ổn, đúng mô tả. Sạch sẽ và chủ nhà hỗ trợ nhanh.','2026-01-12 10:00:00'),
('2d49de8e-d6ff-5390-8739-35b14db68909','13b77f37-15c4-5ba7-be8e-f5f2dd53249c','e450aa9c-7dd9-555a-afb5-d3dcb3b66c95','ba552b22-8b68-55b2-b20e-815f9d2c7d88',5,'Chỗ ở rất ổn, đúng mô tả. Sạch sẽ và chủ nhà hỗ trợ nhanh.','2026-01-11 10:00:00'),
('bce82166-b595-5c0a-8d79-09cbea9f0e0e','437372b5-62da-5ed5-ab16-6c7eaa9e8d4f','88eb26dd-0519-523e-b904-bc39688b887c','6255dc88-8cd8-5c2c-b42b-c7b6c217f113',5,'Chỗ ở rất ổn, đúng mô tả. Sạch sẽ và chủ nhà hỗ trợ nhanh.','2026-01-12 10:00:00'),
('c43c39f7-ef6b-528c-abe5-aa488c73f5cc','049186c3-038f-50f7-bcbe-3b39c6aa93ad','88eb26dd-0519-523e-b904-bc39688b887c','97021a5b-0e61-5040-9dae-8e3eebda6285',5,'Chỗ ở rất ổn, đúng mô tả. Sạch sẽ và chủ nhà hỗ trợ nhanh.','2026-01-11 10:00:00'),
('4cbdf30e-6d2d-53cd-a190-21feb1ddb44b','701c14d1-0563-5e63-bcf4-bb31c633f8ca','88eb26dd-0519-523e-b904-bc39688b887c','ba552b22-8b68-55b2-b20e-815f9d2c7d88',5,'Chỗ ở rất ổn, đúng mô tả. Sạch sẽ và chủ nhà hỗ trợ nhanh.','2026-01-10 10:00:00'),
('7eeed52f-679f-50ad-bd37-36432c9e7128','e5bb2884-c5c5-551b-a33c-0c610f057eb8','13bc52ee-9923-5a18-a980-afe6527ed517','6255dc88-8cd8-5c2c-b42b-c7b6c217f113',5,'Chỗ ở rất ổn, đúng mô tả. Sạch sẽ và chủ nhà hỗ trợ nhanh.','2026-01-11 10:00:00'),
('ac13ec48-af8c-5b51-80cb-13c7dcdc8396','b9834d3a-09ca-5661-af24-c18068c76d15','13bc52ee-9923-5a18-a980-afe6527ed517','97021a5b-0e61-5040-9dae-8e3eebda6285',5,'Chỗ ở rất ổn, đúng mô tả. Sạch sẽ và chủ nhà hỗ trợ nhanh.','2026-01-10 10:00:00'),
('03858183-f899-51ee-9faa-537212bbe021','9048dc20-f1f8-55bd-a2a0-1b6e94ad471c','13bc52ee-9923-5a18-a980-afe6527ed517','ba552b22-8b68-55b2-b20e-815f9d2c7d88',5,'Chỗ ở rất ổn, đúng mô tả. Sạch sẽ và chủ nhà hỗ trợ nhanh.','2026-01-09 10:00:00'),
('9dfaa302-1bd4-5558-ac27-9c7cdd208b45','004e925e-5ec1-5b73-89bb-302d440a4f9d','ab9c283f-a07e-5d8e-a316-1f6a035cf615','6255dc88-8cd8-5c2c-b42b-c7b6c217f113',5,'Chỗ ở rất ổn, đúng mô tả. Sạch sẽ và chủ nhà hỗ trợ nhanh.','2026-01-10 10:00:00'),
('3afef4ab-e06d-5708-9989-f012b5053e2b','3feff97e-ddd2-56fe-83fe-286bd02552c6','ab9c283f-a07e-5d8e-a316-1f6a035cf615','97021a5b-0e61-5040-9dae-8e3eebda6285',5,'Chỗ ở rất ổn, đúng mô tả. Sạch sẽ và chủ nhà hỗ trợ nhanh.','2026-01-09 10:00:00'),
('df0aa3a3-8054-5ed6-84cf-7930634e0fc3','34e99d6a-28c5-5f25-8e55-133a6261507e','ab9c283f-a07e-5d8e-a316-1f6a035cf615','ba552b22-8b68-55b2-b20e-815f9d2c7d88',5,'Chỗ ở rất ổn, đúng mô tả. Sạch sẽ và chủ nhà hỗ trợ nhanh.','2026-01-08 10:00:00'),
('e41d8374-c44a-55cc-840d-2f4e198c3c4c','7a36ea04-7e4d-5b91-9337-be1510dacba0','69f43ff7-0a85-5b3d-bce6-e6552dbf4ac2','6255dc88-8cd8-5c2c-b42b-c7b6c217f113',4,'Chỗ ở rất ổn, đúng mô tả. Sạch sẽ và chủ nhà hỗ trợ nhanh.','2026-01-09 10:00:00'),
('b3d92278-4711-5e25-adbd-9db7c06844c8','17f78374-3e98-591a-9dcb-2e88477cbaba','69f43ff7-0a85-5b3d-bce6-e6552dbf4ac2','97021a5b-0e61-5040-9dae-8e3eebda6285',5,'Chỗ ở rất ổn, đúng mô tả. Sạch sẽ và chủ nhà hỗ trợ nhanh.','2026-01-08 10:00:00'),
('3f0425d5-f360-506d-87e9-1476aa30dc0b','fcb63c9e-858a-5119-8d6a-e2f59b209c1a','69f43ff7-0a85-5b3d-bce6-e6552dbf4ac2','ba552b22-8b68-55b2-b20e-815f9d2c7d88',5,'Chỗ ở rất ổn, đúng mô tả. Sạch sẽ và chủ nhà hỗ trợ nhanh.','2026-01-07 10:00:00')
ON CONFLICT (id) DO NOTHING;


-- Favorites (demo)
INSERT INTO favorites (user_id, listing_id, created_at)
VALUES
('9d9bfdb7-9492-5dbc-98ea-8404b94ea13d','a5d829d7-c835-507d-882e-3577c1ffc84b',NOW()),
('9d9bfdb7-9492-5dbc-98ea-8404b94ea13d','f0c4cba5-8ff0-5303-bffb-c627b9e93eb7',NOW()),
('9d9bfdb7-9492-5dbc-98ea-8404b94ea13d','3383c1dc-44ec-5ab9-a873-70f55d23d0c3',NOW()),
('9d9bfdb7-9492-5dbc-98ea-8404b94ea13d','eb2037c5-6c4e-54b6-a6a5-ff63f4b354a3',NOW())
ON CONFLICT DO NOTHING;

COMMIT;
